,Position,Companies,Location,Activity,Date_Publish
0,Python Developer,Zortech Solutions,"Toronto, Ontario, Canada",Actively Hiring,2 months ago
1,Python Developer,Genpact,"Montreal, Quebec, Canada",Actively Hiring,3 weeks ago
2,Python Developer - Toronto (Hybrid),Zortech Solutions,"Toronto, Ontario, Canada",Actively Hiring,2 months ago
3,Python Programmer,ClifyX,"Brampton, Ontario, Canada",Be an early applicant,3 weeks ago
4,Software Developer (Python),Visier Inc.,"Vancouver, British Columbia, Canada",Actively Hiring,2 weeks ago
5,Mid Level-Python Developer- Canada,Zortech Solutions,Canada,Actively Hiring,3 months ago
6,Software Developer (Python/C++),Techedin,Canada,,4 days ago
7,Software Developer (Python/C++),Techedin,Canada,,4 days ago
8,Python Programmer-Canada,Zortech Solutions,"Mississauga, Ontario, Canada",Actively Hiring,2 months ago
9,Python Developer,MindPal,"Toronto, Ontario, Canada",,7 months ago
10,"Python Developer -- Toronto, Canada - Hybrid",Lorven Technologies Inc.,"Toronto, Ontario, Canada",Actively Hiring,3 months ago
11,Python Developer,MindPal,"Montreal, Quebec, Canada",Be an early applicant,1 week ago
12,Python Developer,MindPal,"Toronto, Ontario, Canada",,7 months ago
13,Python developer,J&M Group,"Toronto, Ontario, Canada",,1 month ago
14,Python Developer,MindPal,"Montreal, Quebec, Canada",Be an early applicant,1 week ago
15,Python Developer,Areti Group,"Greater Toronto Area, Canada",Actively Hiring,1 week ago
16,Python Developer,MindPal,"Ottawa, Ontario, Canada",Be an early applicant,1 week ago
17,Python Developer,MindPal,"Ottawa, Ontario, Canada",,1 week ago
18,Python Developer,MindPal,"Calgary, Alberta, Canada",,7 months ago
19,Senior Python Developer - Canada,Zortech Solutions,Canada,Actively Hiring,2 months ago
20,Senior Python Developer- Canada,Zortech Solutions,Canada,Actively Hiring,3 months ago
21,Junior Python Engineer – up to $130k + Bonus – Montreal (Hybrid),Hunter Bond,"Montreal, Quebec, Canada",Actively Hiring,14 hours ago
22,Python Developer,MindPal,"Calgary, Alberta, Canada",,7 months ago
23,Python Developer,Nasdaq,"Montreal, Quebec, Canada",Actively Hiring,1 week ago
24,Python Developer,Epsilon Solutions Ltd.,"Mississauga, Ontario, Canada",Actively Hiring,2 weeks ago
25,Software Engineer (Python) - Up to CAD$200k + Huge Bonus Montreal,Hunter Bond,Greater Montreal Metropolitan Area,Actively Hiring,2 days ago
26,Python Developer,E-Solutions,"Vancouver, British Columbia, Canada",Actively Hiring,1 week ago
27,Full Stack Python Web Developer,Techedin,Canada,,1 week ago
28,Python Developer,Dexian,"Mississauga, Ontario, Canada",Actively Hiring,3 weeks ago
29,Python Developer,GalaxE.Solutions,"Toronto, Ontario, Canada",Actively Hiring,2 weeks ago
30,Senior Python Developer- Canada,Zortech Solutions,Canada,Actively Hiring,1 month ago
31,Python Developer,Squarepoint Capital,"Montreal, Quebec, Canada",Actively Hiring,1 week ago
32,Python Developer,Zortech Solutions,"Longueuil, Quebec, Canada",Actively Hiring,2 months ago
33,Senior Python Engineer - Canada,Zortech Solutions,"Vancouver, British Columbia, Canada",Actively Hiring,5 months ago
34,Senior Python Engineer,Zortech Solutions,"Vancouver, British Columbia, Canada",Actively Hiring,5 months ago
35,Python Full Stack Developer,NEARSOURCE TECHNOLOGIES,"Vancouver, British Columbia, Canada",,2 weeks ago
36,Python Developer,Akkodis,"Toronto, Ontario, Canada",Actively Hiring,4 weeks ago
37,Senior Python Engineer-Canada,Zortech Solutions,"Vancouver, British Columbia, Canada",Actively Hiring,5 months ago
38,Back end Developers,Zortech Solutions,"Toronto, Ontario, Canada",Actively Hiring,4 months ago
39,Python Software Developer Intern,Safe Software,"Surrey, British Columbia, Canada",,1 week ago
40,Python Developer,CGI,"Ottawa, Ontario, Canada",Actively Hiring,4 days ago
41,Python Developer,Epsilon Solutions Ltd.,"Montreal, Quebec, Canada",Actively Hiring,2 months ago
42,Python Developer,Epsilon Solutions Ltd.,"Montreal, Quebec, Canada",Actively Hiring,2 months ago
43,Python Backend Developer (Airflow/ETL) - Remote,Techedin,Canada,,4 days ago
44,Python Developer,J&M Group,"Toronto, Ontario, Canada",,2 months ago
45,Software Web Developer,Techedin,Canada,,1 month ago
46,Python Developer,Epsilon Solutions Ltd.,"Quebec, Canada",Be an early applicant,4 months ago
47,Senior Python Engineer,Safety Cybersecurity,Canada,,3 months ago
48,Python Developer – (AI Applications),UKG,"Montreal, Quebec, Canada",Actively Hiring,14 hours ago
49,"Python Data Engineer, Sovereign",Nascent,"Montreal, Quebec, Canada",Be an early applicant,3 weeks ago
50,Senior Python Full Stack Developer,Techedin,Canada,,2 months ago
51,Python Developer,Epsilon Solutions Ltd.,"Montreal, Quebec, Canada",Actively Hiring,2 months ago
52,Fullstack Developer (Canada),Fullscript,"Ottawa, Ontario, Canada",,2 weeks ago
53,Web Developer,TV2 Consulting,"Toronto, Ontario, Canada",,7 months ago
54,Data Processing Specialist - Python Developer,FortNine,"Montreal, Quebec, Canada",,1 month ago
55,Senior Python Backend Engineer,"Data Theorem, Inc.","Calgary, Alberta, Canada",,6 months ago
56,Senior Python Developer,TechEra IT Consulting,"Toronto, Ontario, Canada",Be an early applicant,2 hours ago
57,Python Developer,hackajob,"Greater Toronto Area, Canada",Actively Hiring,1 day ago
58,Backend Developer,Athennian,"Calgary, Alberta, Canada",,4 hours ago
59,Developer - Python/FastAPI,CGI,"Calgary, Alberta, Canada",Actively Hiring,3 weeks ago
60,Software Engineer (Python) - Up to CAD$200k + Huge Bonus Montreal,Hunter Bond,Greater Montreal Metropolitan Area,Actively Hiring,2 days ago
61,Python Developer,E-Solutions,"Vancouver, British Columbia, Canada",Actively Hiring,1 week ago
62,Full Stack Python Web Developer,Techedin,Canada,,1 week ago
63,Python Developer,Dexian,"Mississauga, Ontario, Canada",Actively Hiring,3 weeks ago
64,Python Developer,GalaxE.Solutions,"Toronto, Ontario, Canada",Actively Hiring,2 weeks ago
65,Senior Python Developer- Canada,Zortech Solutions,Canada,Actively Hiring,1 month ago
66,Python Developer,Squarepoint Capital,"Montreal, Quebec, Canada",Actively Hiring,1 week ago
67,Python Developer,Zortech Solutions,"Longueuil, Quebec, Canada",Actively Hiring,2 months ago
68,Senior Python Engineer - Canada,Zortech Solutions,"Vancouver, British Columbia, Canada",Actively Hiring,5 months ago
69,Senior Python Engineer,Zortech Solutions,"Vancouver, British Columbia, Canada",Actively Hiring,5 months ago
70,Senior Python Full Stack Developer,Techedin,Canada,,2 months ago
71,Python Developer,Epsilon Solutions Ltd.,"Montreal, Quebec, Canada",Actively Hiring,2 months ago
72,Fullstack Developer (Canada),Fullscript,"Ottawa, Ontario, Canada",,2 weeks ago
73,Web Developer,TV2 Consulting,"Toronto, Ontario, Canada",,7 months ago
74,Data Processing Specialist - Python Developer,FortNine,"Montreal, Quebec, Canada",,1 month ago
75,Senior Python Backend Engineer,"Data Theorem, Inc.","Calgary, Alberta, Canada",,6 months ago
76,Senior Python Developer,TechEra IT Consulting,"Toronto, Ontario, Canada",Be an early applicant,2 hours ago
77,Python Developer,hackajob,"Greater Toronto Area, Canada",Actively Hiring,1 day ago
78,Backend Developer,Athennian,"Calgary, Alberta, Canada",,4 hours ago
79,Developer - Python/FastAPI,CGI,"Calgary, Alberta, Canada",Actively Hiring,3 weeks ago
80,Python Developer with React.js _ Toronto Canada - Hybrid,BURGEON IT SERVICES,"Toronto, Ontario, Canada",Actively Hiring,9 hours ago
81,Java/Python Developer with C++ skills- Canada,Zortech Solutions,"Toronto, Ontario, Canada",Actively Hiring,2 months ago
82,Full Stack Developer - Toronto (Hybrid),Zortech Solutions,"Mississauga, Ontario, Canada",Actively Hiring,2 months ago
83,"Data Engineer-SQL, Python, ETL- Canada",Zortech Solutions,"Toronto, Ontario, Canada",Actively Hiring,3 weeks ago
84,Web Developer,NEARSOURCE TECHNOLOGIES,"Toronto, Ontario, Canada",,2 weeks ago
85,Python ETL Developer/Data Engineer - Remote,IPVISIBILITY,"Ottawa, Ontario, Canada",,3 months ago
86,UI Web Developer,Zortech Solutions,"Toronto, Ontario, Canada",Actively Hiring,2 months ago
87,Sr. Python Developer,Raise,"Toronto, Ontario, Canada",Actively Hiring,4 weeks ago
88,Full Stack Developer (Remote),Emphasys Software,"Toronto, Ontario, Canada",,1 week ago
89,Full-Stack Web Developer - Splashdot,BLANKSLATE Partners,Canada,Be an early applicant,3 weeks ago
90,Intermediate Software Engineer (Full Stack) Remote!,Super.com,"Toronto, Ontario, Canada",,4 weeks ago
91,Software Engineer/ Back End Developer,Compass Group,"Mississauga, Ontario, Canada",Actively Hiring,2 weeks ago
92,Senior Python Developer,Raise,"Toronto, Ontario, Canada",Actively Hiring,2 weeks ago
93,Développeur Python (senior),CGI,"Montreal, Quebec, Canada",Be an early applicant,6 days ago
94,Intermediate Full Stack Developer-Canada,Zortech Solutions,Canada,Actively Hiring,5 months ago
95,Senior Python/AWS Developer,First Derivative,"Toronto, Ontario, Canada",Actively Hiring,5 hours ago
96,Full Stack Software Engineer (Remote),Lightci (Light Consulting),"Toronto, Ontario, Canada",,7 months ago
97,SDET (Selenium/ Java/Python),Zortech Solutions,"Toronto, Ontario, Canada",Actively Hiring,2 months ago
98,Full-stack Developer,"Triunity Software, Inc.","Toronto, Ontario, Canada",Actively Hiring,2 months ago
99,Intermediate Backend Developer (Python & Go),Perion Network,"Montreal, Quebec, Canada",Actively Hiring,1 day ago
100,Back End Engineer,TechInsights,"Ottawa, Ontario, Canada",Be an early applicant,1 week ago
101,Back End Developer,Evalueserve,Canada,Actively Hiring,1 day ago
102,Engineer (Full-Stack),"Unreal Staffing, Inc","Toronto, Ontario, Canada",,2 months ago
103,Software Engineer for AI Training Data (Python),G2i Inc.,"Ottawa, Ontario, Canada",,4 weeks ago
104,Software Engineer - Python - Ubuntu Pro client - graduate level,Canonical,"Hamilton, Ontario, Canada",Be an early applicant,1 week ago
105,FullStack Developer - remote,Hour Consulting,"Toronto, Ontario, Canada",,3 months ago
106,Engineer (Full-Stack),"Unreal Staffing, Inc","Toronto, Ontario, Canada",,2 months ago
107,Senior Software Engineer (Java/Python),PointClickCare,"Mississauga, Ontario, Canada",,12 hours ago
108,Software Engineer for AI Training Data (Python),G2i Inc.,"Vancouver, British Columbia, Canada",,4 weeks ago
109,Engineer (Full-Stack),"Unreal Staffing, Inc","Toronto, Ontario, Canada",,2 months ago
110,Software Engineer - Python - Ubuntu Pro client - graduate level,Canonical,"Regina, Saskatchewan, Canada",Be an early applicant,1 week ago
111,Full Stack Developer,Caredove,"Orillia, Ontario, Canada",,6 months ago
112,Full Stack Engineer,"Unreal Staffing, Inc","Toronto, Ontario, Canada",,2 months ago
113,Software Engineer for AI Training Data (Python),G2i Inc.,"Edmonton, Alberta, Canada",,4 weeks ago
114,Full-Stack Engineer,"Unreal Staffing, Inc","Toronto, Ontario, Canada",,2 months ago
115,Full-Stack Developer,Phoenix (YC W21),"Toronto, Ontario, Canada",,4 months ago
116,Software Engineer - Python - Ubuntu Pro client - graduate level,Canonical,"Vancouver, British Columbia, Canada",Be an early applicant,1 week ago
117,Full-Stack Engineer,"Unreal Staffing, Inc","Toronto, Ontario, Canada",,2 months ago
118,Full Stack Software Developer,TV2 Consulting,"Montreal, Quebec, Canada",,12 hours ago
119,"Fullstack Developer, Platform (Canada Remote)",Fullscript,"Ottawa, Ontario, Canada",,2 months ago
120,Full Stack Software Developer,TV2 Consulting,"Saint John, New Brunswick, Canada",,12 hours ago
121,Software Engineer,DataAnnotation,Canada,,5 days ago
122,Full Stack Web Developer,City Of Guelph,"Guelph, Ontario, Canada",,20 hours ago
123,Web Developer,Trend Hunter,"Toronto, Ontario, Canada",,5 hours ago
124,Software Engineer for AI Training Data (Python),G2i Inc.,"Montreal, Quebec, Canada",Be an early applicant,4 weeks ago
125,Backend Developer - Go,ITS Global,"Toronto, Ontario, Canada",,5 months ago
126,Full stack developer,Epsilon Solutions Ltd.,"Vancouver, British Columbia, Canada",Actively Hiring,2 months ago
127,Software Engineer - Python - Ubuntu Pro client - graduate level,Canonical,"Winnipeg, Manitoba, Canada",Be an early applicant,1 week ago
128,Backend Developers- Canada,Zortech Solutions,"Toronto, Ontario, Canada",Be an early applicant,3 weeks ago
129,"Urgent requirement Backend developer @ Mississauga, ON (FULL-TIME)",Webologix Global,"Mississauga, Ontario, Canada",,1 month ago
130,ResponsiveAds Full-Stack Developer (Internship),ResponsiveAds,"Vancouver, British Columbia, Canada",,2 months ago
131,C++ Developer With Python or Java,Seven Hills Group Technologies Inc.,"Toronto, Ontario, Canada",Actively Hiring,3 weeks ago
132,Full Stack Developer,Epsilon Solutions Ltd.,Canada,Actively Hiring,1 month ago
133,Concepteur de tests Python / Python Test Developer,Syntronic - A Global Design House,"Montreal, Quebec, Canada",Be an early applicant,1 week ago
134,Full Stack Developer,Epsilon Solutions Ltd.,"Mississauga, Ontario, Canada",Actively Hiring,1 month ago
135,Senior Python Developer,Cognizant,"Toronto, Ontario, Canada",Actively Hiring,1 week ago
136,Web Developer,DataAnnotation,Canada,,5 days ago
137,Software Engineer - Python - Ubuntu Pro client - graduate level,Canonical,"Toronto, Ontario, Canada",Be an early applicant,1 week ago
138,SENIOR BACK END DEVELOPER,ITS Global,Canada,,5 months ago
139,Full Stack Developer - Client Confidential,BLANKSLATE Partners,"Vancouver, British Columbia, Canada",,9 months ago
140,Software Engineer (Python/Linux/Packaging),Canonical,"Mississauga, Ontario, Canada",Be an early applicant,5 days ago
141,ResponsiveAds Full-Stack Developer,ResponsiveAds,"Vancouver, British Columbia, Canada",,2 months ago
142,"FullStack Developer (Frontend, Backend)-Canada",Zortech Solutions,"Toronto, Ontario, Canada",Actively Hiring,1 month ago
143,Front-End Web Designer / Developer,RAMP InterActive,"Edmonton, Alberta, Canada",,3 days ago
144,Java Full stack Developer-Canada,Zortech Solutions,"Montreal, Quebec, Canada",Actively Hiring,4 months ago
145,Senior Backend Engineer,LotusFlare,"Toronto, Ontario, Canada",,6 months ago
146,"Web Developer, Web Platform",Robinhood,"Toronto, Ontario, Canada",Actively Hiring,13 hours ago
147,Software Engineer (Full-Stack),BillionApps InfoTech Solutions,Canada,,3 weeks ago
148,Backend Software Engineer,Yassir,"Montreal, Quebec, Canada",,1 year ago
149,Java Full stack Developer- Canada,Zortech Solutions,"Montreal, Quebec, Canada",Actively Hiring,5 months ago
150,Bi-lingual Web Developer,TV2 Consulting,"Montreal, Quebec, Canada",Be an early applicant,12 hours ago
151,Full Stack Developer II,Loblaw Companies Limited,"Brampton, Ontario, Canada",Actively Hiring,1 week ago
152,Software Engineer - Python/Golang - Kubernetes,Canonical,"Vancouver, British Columbia, Canada",Be an early applicant,5 days ago
153,"Full Stack Engineer, Internal Data Products, ML Foundations",Stripe,"Toronto, Ontario, Canada",Actively Hiring,2 days ago
154,Back-End Developer (DPL - 0611243),Angel at Far Out Scout Careers,Canada,,2 weeks ago
155,Backend & API Engineer - Catalog Management (Remote),Constructor,"Toronto, Ontario, Canada",,2 months ago
156,Intermediate Full Stack Developer,MEDFAR,"Montreal, Quebec, Canada",Actively Hiring,5 days ago
157,Full Stack Blockchain Developer,Ndax,"Calgary, Alberta, Canada",,3 months ago
158,Senior Full-Stack Python Developer,Cognizant,"Toronto, Ontario, Canada",Actively Hiring,1 week ago
159,Full Stack Engineer - 2024 Onboarding,Battlefy,"Vancouver, British Columbia, Canada",,1 week ago
160,Software Engineer - Python/Golang - Kubernetes,Canonical,"Winnipeg, Manitoba, Canada",Be an early applicant,5 days ago
161,Full Stack Developer (Exchange/Trading),Keyrock,"Toronto, Ontario, Canada",,2 months ago
162,Senior Full Stack Developer,Quantiphi,"Toronto, Ontario, Canada",Actively Hiring,1 week ago
163,"Python and Kubernetes Software Engineer - Data, AI/ML & Analytics",Canonical,"Toronto, Ontario, Canada",Be an early applicant,1 week ago
164,Senior Python ETL Developer,NEARSOURCE TECHNOLOGIES,"Toronto, Ontario, Canada",,2 weeks ago
165,Senior Front End Developer,Larus,"Ottawa, Ontario, Canada",,1 month ago
166,Full Stack Developers,Zortech Solutions,"Toronto, Ontario, Canada",Actively Hiring,3 weeks ago
167,Software Engineer (Python/Linux/Packaging),Canonical,"Edmonton, Alberta, Canada",Be an early applicant,5 days ago
168,Backend Engineer,ether.fi,"Toronto, Ontario, Canada",,2 months ago
169,Senior Full Stack Developer,Hour Consulting,"Toronto, Ontario, Canada",,3 months ago
170,Python Developer,Zortech Solutions,"Toronto, Ontario, Canada",Actively Hiring,2 months ago
171,Python Developer,Genpact,"Montreal, Quebec, Canada",Actively Hiring,3 weeks ago
172,Python Developer - Toronto (Hybrid),Zortech Solutions,"Toronto, Ontario, Canada",Actively Hiring,2 months ago
173,Python Programmer,ClifyX,"Brampton, Ontario, Canada",Be an early applicant,3 weeks ago
174,Software Developer (Python),Visier Inc.,"Vancouver, British Columbia, Canada",Actively Hiring,2 weeks ago
175,Mid Level-Python Developer- Canada,Zortech Solutions,Canada,Actively Hiring,3 months ago
176,Software Developer (Python/C++),Techedin,Canada,,4 days ago
177,Software Developer (Python/C++),Techedin,Canada,,4 days ago
178,Python Programmer-Canada,Zortech Solutions,"Mississauga, Ontario, Canada",Actively Hiring,2 months ago
179,Python Developer,MindPal,"Toronto, Ontario, Canada",,7 months ago
180,"Python Developer -- Toronto, Canada - Hybrid",Lorven Technologies Inc.,"Toronto, Ontario, Canada",Actively Hiring,3 months ago
181,Python Developer,MindPal,"Montreal, Quebec, Canada",Be an early applicant,1 week ago
182,Python Developer,MindPal,"Toronto, Ontario, Canada",,7 months ago
183,Python developer,J&M Group,"Toronto, Ontario, Canada",,1 month ago
184,Python Developer,MindPal,"Montreal, Quebec, Canada",Be an early applicant,1 week ago
185,Python Developer,Areti Group,"Greater Toronto Area, Canada",Actively Hiring,1 week ago
186,Python Developer,MindPal,"Ottawa, Ontario, Canada",Be an early applicant,1 week ago
187,Python Developer,MindPal,"Ottawa, Ontario, Canada",,1 week ago
188,Python Developer,MindPal,"Calgary, Alberta, Canada",,7 months ago
189,Senior Python Developer - Canada,Zortech Solutions,Canada,Actively Hiring,2 months ago
190,Senior Python Developer- Canada,Zortech Solutions,Canada,Actively Hiring,3 months ago
191,Junior Python Engineer – up to $130k + Bonus – Montreal (Hybrid),Hunter Bond,"Montreal, Quebec, Canada",Actively Hiring,14 hours ago
192,Python Developer,MindPal,"Calgary, Alberta, Canada",,7 months ago
193,Python Developer,Nasdaq,"Montreal, Quebec, Canada",Actively Hiring,1 week ago
194,Python Developer,Epsilon Solutions Ltd.,"Mississauga, Ontario, Canada",Actively Hiring,2 weeks ago
195,Software Engineer (Python) - Up to CAD$200k + Huge Bonus Montreal,Hunter Bond,Greater Montreal Metropolitan Area,Actively Hiring,2 days ago
196,Python Developer,E-Solutions,"Vancouver, British Columbia, Canada",Actively Hiring,1 week ago
197,Full Stack Python Web Developer,Techedin,Canada,,1 week ago
198,Python Developer,Dexian,"Mississauga, Ontario, Canada",Actively Hiring,3 weeks ago
199,Python Developer,GalaxE.Solutions,"Toronto, Ontario, Canada",Actively Hiring,2 weeks ago
200,Senior Python Developer- Canada,Zortech Solutions,Canada,Actively Hiring,1 month ago
201,Python Developer,Squarepoint Capital,"Montreal, Quebec, Canada",Actively Hiring,1 week ago
202,Python Developer,Zortech Solutions,"Longueuil, Quebec, Canada",Actively Hiring,2 months ago
203,Senior Python Engineer - Canada,Zortech Solutions,"Vancouver, British Columbia, Canada",Actively Hiring,5 months ago
204,Senior Python Engineer,Zortech Solutions,"Vancouver, British Columbia, Canada",Actively Hiring,5 months ago
205,Python Full Stack Developer,NEARSOURCE TECHNOLOGIES,"Vancouver, British Columbia, Canada",,2 weeks ago
206,Python Developer,Akkodis,"Toronto, Ontario, Canada",Actively Hiring,4 weeks ago
207,Senior Python Engineer-Canada,Zortech Solutions,"Vancouver, British Columbia, Canada",Actively Hiring,5 months ago
208,Back end Developers,Zortech Solutions,"Toronto, Ontario, Canada",Actively Hiring,4 months ago
209,Python Software Developer Intern,Safe Software,"Surrey, British Columbia, Canada",,1 week ago
210,Python Developer,CGI,"Ottawa, Ontario, Canada",Actively Hiring,4 days ago
211,Python Developer,Epsilon Solutions Ltd.,"Montreal, Quebec, Canada",Actively Hiring,2 months ago
212,Python Developer,Epsilon Solutions Ltd.,"Montreal, Quebec, Canada",Actively Hiring,2 months ago
213,Python Backend Developer (Airflow/ETL) - Remote,Techedin,Canada,,4 days ago
214,Python Developer,J&M Group,"Toronto, Ontario, Canada",,2 months ago
215,Software Web Developer,Techedin,Canada,,1 month ago
216,Python Developer,Epsilon Solutions Ltd.,"Quebec, Canada",Be an early applicant,4 months ago
217,Senior Python Engineer,Safety Cybersecurity,Canada,,3 months ago
218,Python Developer – (AI Applications),UKG,"Montreal, Quebec, Canada",Actively Hiring,14 hours ago
219,"Python Data Engineer, Sovereign",Nascent,"Montreal, Quebec, Canada",Be an early applicant,3 weeks ago
220,Senior Python Full Stack Developer,Techedin,Canada,,2 months ago
221,Python Developer,Epsilon Solutions Ltd.,"Montreal, Quebec, Canada",Actively Hiring,2 months ago
222,Fullstack Developer (Canada),Fullscript,"Ottawa, Ontario, Canada",,2 weeks ago
223,Web Developer,TV2 Consulting,"Toronto, Ontario, Canada",,7 months ago
224,Data Processing Specialist - Python Developer,FortNine,"Montreal, Quebec, Canada",,1 month ago
225,Senior Python Backend Engineer,"Data Theorem, Inc.","Calgary, Alberta, Canada",,6 months ago
226,Senior Python Developer,TechEra IT Consulting,"Toronto, Ontario, Canada",Be an early applicant,2 hours ago
227,Python Developer,hackajob,"Greater Toronto Area, Canada",Actively Hiring,1 day ago
228,Backend Developer,Athennian,"Calgary, Alberta, Canada",,4 hours ago
229,Developer - Python/FastAPI,CGI,"Calgary, Alberta, Canada",Actively Hiring,3 weeks ago
230,Software Engineer (Python) - Up to CAD$200k + Huge Bonus Montreal,Hunter Bond,Greater Montreal Metropolitan Area,Actively Hiring,2 days ago
231,Python Developer,E-Solutions,"Vancouver, British Columbia, Canada",Actively Hiring,1 week ago
232,Full Stack Python Web Developer,Techedin,Canada,,1 week ago
233,Python Developer,Dexian,"Mississauga, Ontario, Canada",Actively Hiring,3 weeks ago
234,Python Developer,GalaxE.Solutions,"Toronto, Ontario, Canada",Actively Hiring,2 weeks ago
235,Senior Python Developer- Canada,Zortech Solutions,Canada,Actively Hiring,1 month ago
236,Python Developer,Squarepoint Capital,"Montreal, Quebec, Canada",Actively Hiring,1 week ago
237,Python Developer,Zortech Solutions,"Longueuil, Quebec, Canada",Actively Hiring,2 months ago
238,Senior Python Engineer - Canada,Zortech Solutions,"Vancouver, British Columbia, Canada",Actively Hiring,5 months ago
239,Senior Python Engineer,Zortech Solutions,"Vancouver, British Columbia, Canada",Actively Hiring,5 months ago
240,Senior Python Full Stack Developer,Techedin,Canada,,2 months ago
241,Python Developer,Epsilon Solutions Ltd.,"Montreal, Quebec, Canada",Actively Hiring,2 months ago
242,Fullstack Developer (Canada),Fullscript,"Ottawa, Ontario, Canada",,2 weeks ago
243,Web Developer,TV2 Consulting,"Toronto, Ontario, Canada",,7 months ago
244,Data Processing Specialist - Python Developer,FortNine,"Montreal, Quebec, Canada",,1 month ago
245,Senior Python Backend Engineer,"Data Theorem, Inc.","Calgary, Alberta, Canada",,6 months ago
246,Senior Python Developer,TechEra IT Consulting,"Toronto, Ontario, Canada",Be an early applicant,2 hours ago
247,Python Developer,hackajob,"Greater Toronto Area, Canada",Actively Hiring,1 day ago
248,Backend Developer,Athennian,"Calgary, Alberta, Canada",,4 hours ago
249,Developer - Python/FastAPI,CGI,"Calgary, Alberta, Canada",Actively Hiring,3 weeks ago
250,Python Developer with React.js _ Toronto Canada - Hybrid,BURGEON IT SERVICES,"Toronto, Ontario, Canada",Actively Hiring,9 hours ago
251,Java/Python Developer with C++ skills- Canada,Zortech Solutions,"Toronto, Ontario, Canada",Actively Hiring,2 months ago
252,Full Stack Developer - Toronto (Hybrid),Zortech Solutions,"Mississauga, Ontario, Canada",Actively Hiring,2 months ago
253,"Data Engineer-SQL, Python, ETL- Canada",Zortech Solutions,"Toronto, Ontario, Canada",Actively Hiring,3 weeks ago
254,Web Developer,NEARSOURCE TECHNOLOGIES,"Toronto, Ontario, Canada",,2 weeks ago
255,Python ETL Developer/Data Engineer - Remote,IPVISIBILITY,"Ottawa, Ontario, Canada",,3 months ago
256,UI Web Developer,Zortech Solutions,"Toronto, Ontario, Canada",Actively Hiring,2 months ago
257,Sr. Python Developer,Raise,"Toronto, Ontario, Canada",Actively Hiring,4 weeks ago
258,Full Stack Developer (Remote),Emphasys Software,"Toronto, Ontario, Canada",,1 week ago
259,Full-Stack Web Developer - Splashdot,BLANKSLATE Partners,Canada,Be an early applicant,3 weeks ago
260,Intermediate Software Engineer (Full Stack) Remote!,Super.com,"Toronto, Ontario, Canada",,4 weeks ago
261,Software Engineer/ Back End Developer,Compass Group,"Mississauga, Ontario, Canada",Actively Hiring,2 weeks ago
262,Senior Python Developer,Raise,"Toronto, Ontario, Canada",Actively Hiring,2 weeks ago
263,Développeur Python (senior),CGI,"Montreal, Quebec, Canada",Be an early applicant,6 days ago
264,Intermediate Full Stack Developer-Canada,Zortech Solutions,Canada,Actively Hiring,5 months ago
265,Senior Python/AWS Developer,First Derivative,"Toronto, Ontario, Canada",Actively Hiring,5 hours ago
266,Full Stack Software Engineer (Remote),Lightci (Light Consulting),"Toronto, Ontario, Canada",,7 months ago
267,SDET (Selenium/ Java/Python),Zortech Solutions,"Toronto, Ontario, Canada",Actively Hiring,2 months ago
268,Full-stack Developer,"Triunity Software, Inc.","Toronto, Ontario, Canada",Actively Hiring,2 months ago
269,Intermediate Backend Developer (Python & Go),Perion Network,"Montreal, Quebec, Canada",Actively Hiring,1 day ago
270,Back End Engineer,TechInsights,"Ottawa, Ontario, Canada",Be an early applicant,1 week ago
271,Back End Developer,Evalueserve,Canada,Actively Hiring,1 day ago
272,Engineer (Full-Stack),"Unreal Staffing, Inc","Toronto, Ontario, Canada",,2 months ago
273,Software Engineer for AI Training Data (Python),G2i Inc.,"Ottawa, Ontario, Canada",,4 weeks ago
274,Software Engineer - Python - Ubuntu Pro client - graduate level,Canonical,"Hamilton, Ontario, Canada",Be an early applicant,1 week ago
275,FullStack Developer - remote,Hour Consulting,"Toronto, Ontario, Canada",,3 months ago
276,Engineer (Full-Stack),"Unreal Staffing, Inc","Toronto, Ontario, Canada",,2 months ago
277,Senior Software Engineer (Java/Python),PointClickCare,"Mississauga, Ontario, Canada",,12 hours ago
278,Software Engineer for AI Training Data (Python),G2i Inc.,"Vancouver, British Columbia, Canada",,4 weeks ago
279,Engineer (Full-Stack),"Unreal Staffing, Inc","Toronto, Ontario, Canada",,2 months ago
280,Software Engineer - Python - Ubuntu Pro client - graduate level,Canonical,"Regina, Saskatchewan, Canada",Be an early applicant,1 week ago
281,Full Stack Developer,Caredove,"Orillia, Ontario, Canada",,6 months ago
282,Full Stack Engineer,"Unreal Staffing, Inc","Toronto, Ontario, Canada",,2 months ago
283,Software Engineer for AI Training Data (Python),G2i Inc.,"Edmonton, Alberta, Canada",,4 weeks ago
284,Full-Stack Engineer,"Unreal Staffing, Inc","Toronto, Ontario, Canada",,2 months ago
285,Full-Stack Developer,Phoenix (YC W21),"Toronto, Ontario, Canada",,4 months ago
286,Software Engineer - Python - Ubuntu Pro client - graduate level,Canonical,"Vancouver, British Columbia, Canada",Be an early applicant,1 week ago
287,Full-Stack Engineer,"Unreal Staffing, Inc","Toronto, Ontario, Canada",,2 months ago
288,Full Stack Software Developer,TV2 Consulting,"Montreal, Quebec, Canada",,12 hours ago
289,"Fullstack Developer, Platform (Canada Remote)",Fullscript,"Ottawa, Ontario, Canada",,2 months ago
290,Full Stack Software Developer,TV2 Consulting,"Saint John, New Brunswick, Canada",,12 hours ago
291,Software Engineer,DataAnnotation,Canada,,5 days ago
292,Full Stack Web Developer,City Of Guelph,"Guelph, Ontario, Canada",,20 hours ago
293,Web Developer,Trend Hunter,"Toronto, Ontario, Canada",,5 hours ago
294,Software Engineer for AI Training Data (Python),G2i Inc.,"Montreal, Quebec, Canada",Be an early applicant,4 weeks ago
295,Backend Developer - Go,ITS Global,"Toronto, Ontario, Canada",,5 months ago
296,Full stack developer,Epsilon Solutions Ltd.,"Vancouver, British Columbia, Canada",Actively Hiring,2 months ago
297,Software Engineer - Python - Ubuntu Pro client - graduate level,Canonical,"Winnipeg, Manitoba, Canada",Be an early applicant,1 week ago
298,Backend Developers- Canada,Zortech Solutions,"Toronto, Ontario, Canada",Be an early applicant,3 weeks ago
299,"Urgent requirement Backend developer @ Mississauga, ON (FULL-TIME)",Webologix Global,"Mississauga, Ontario, Canada",,1 month ago
300,ResponsiveAds Full-Stack Developer (Internship),ResponsiveAds,"Vancouver, British Columbia, Canada",,2 months ago
301,C++ Developer With Python or Java,Seven Hills Group Technologies Inc.,"Toronto, Ontario, Canada",Actively Hiring,3 weeks ago
302,Full Stack Developer,Epsilon Solutions Ltd.,Canada,Actively Hiring,1 month ago
303,Concepteur de tests Python / Python Test Developer,Syntronic - A Global Design House,"Montreal, Quebec, Canada",Be an early applicant,1 week ago
304,Full Stack Developer,Epsilon Solutions Ltd.,"Mississauga, Ontario, Canada",Actively Hiring,1 month ago
305,Senior Python Developer,Cognizant,"Toronto, Ontario, Canada",Actively Hiring,1 week ago
306,Web Developer,DataAnnotation,Canada,,5 days ago
307,Software Engineer - Python - Ubuntu Pro client - graduate level,Canonical,"Toronto, Ontario, Canada",Be an early applicant,1 week ago
308,SENIOR BACK END DEVELOPER,ITS Global,Canada,,5 months ago
309,Full Stack Developer - Client Confidential,BLANKSLATE Partners,"Vancouver, British Columbia, Canada",,9 months ago
310,Software Engineer (Python/Linux/Packaging),Canonical,"Mississauga, Ontario, Canada",Be an early applicant,5 days ago
311,ResponsiveAds Full-Stack Developer,ResponsiveAds,"Vancouver, British Columbia, Canada",,2 months ago
312,"FullStack Developer (Frontend, Backend)-Canada",Zortech Solutions,"Toronto, Ontario, Canada",Actively Hiring,1 month ago
313,Front-End Web Designer / Developer,RAMP InterActive,"Edmonton, Alberta, Canada",,3 days ago
314,Java Full stack Developer-Canada,Zortech Solutions,"Montreal, Quebec, Canada",Actively Hiring,4 months ago
315,Senior Backend Engineer,LotusFlare,"Toronto, Ontario, Canada",,6 months ago
316,"Web Developer, Web Platform",Robinhood,"Toronto, Ontario, Canada",Actively Hiring,13 hours ago
317,Software Engineer (Full-Stack),BillionApps InfoTech Solutions,Canada,,3 weeks ago
318,Backend Software Engineer,Yassir,"Montreal, Quebec, Canada",,1 year ago
319,Java Full stack Developer- Canada,Zortech Solutions,"Montreal, Quebec, Canada",Actively Hiring,5 months ago
320,Bi-lingual Web Developer,TV2 Consulting,"Montreal, Quebec, Canada",Be an early applicant,12 hours ago
321,Full Stack Developer II,Loblaw Companies Limited,"Brampton, Ontario, Canada",Actively Hiring,1 week ago
322,Software Engineer - Python/Golang - Kubernetes,Canonical,"Vancouver, British Columbia, Canada",Be an early applicant,5 days ago
323,"Full Stack Engineer, Internal Data Products, ML Foundations",Stripe,"Toronto, Ontario, Canada",Actively Hiring,2 days ago
324,Back-End Developer (DPL - 0611243),Angel at Far Out Scout Careers,Canada,,2 weeks ago
325,Backend & API Engineer - Catalog Management (Remote),Constructor,"Toronto, Ontario, Canada",,2 months ago
326,Intermediate Full Stack Developer,MEDFAR,"Montreal, Quebec, Canada",Actively Hiring,5 days ago
327,Full Stack Blockchain Developer,Ndax,"Calgary, Alberta, Canada",,3 months ago
328,Senior Full-Stack Python Developer,Cognizant,"Toronto, Ontario, Canada",Actively Hiring,1 week ago
329,Full Stack Engineer - 2024 Onboarding,Battlefy,"Vancouver, British Columbia, Canada",,1 week ago
330,Software Engineer - Python/Golang - Kubernetes,Canonical,"Winnipeg, Manitoba, Canada",Be an early applicant,5 days ago
331,Full Stack Developer (Exchange/Trading),Keyrock,"Toronto, Ontario, Canada",,2 months ago
332,Senior Full Stack Developer,Quantiphi,"Toronto, Ontario, Canada",Actively Hiring,1 week ago
333,"Python and Kubernetes Software Engineer - Data, AI/ML & Analytics",Canonical,"Toronto, Ontario, Canada",Be an early applicant,1 week ago
334,Senior Python ETL Developer,NEARSOURCE TECHNOLOGIES,"Toronto, Ontario, Canada",,2 weeks ago
335,Senior Front End Developer,Larus,"Ottawa, Ontario, Canada",,1 month ago
336,Full Stack Developers,Zortech Solutions,"Toronto, Ontario, Canada",Actively Hiring,3 weeks ago
337,Software Engineer (Python/Linux/Packaging),Canonical,"Edmonton, Alberta, Canada",Be an early applicant,5 days ago
338,Backend Engineer,ether.fi,"Toronto, Ontario, Canada",,2 months ago
339,Senior Full Stack Developer,Hour Consulting,"Toronto, Ontario, Canada",,3 months ago
340,Backend Engineer,ether.fi,"Toronto, Ontario, Canada",,2 months ago
341,Senior Full Stack Developer,Hour Consulting,"Toronto, Ontario, Canada",,3 months ago
342,Senior Backend Engineer,boostsecurity.io,"Montreal, Quebec, Canada",,3 months ago
343,SRE DevOps Engineer - Python,Mindtris,"Montreal, Quebec, Canada",Actively Hiring,5 months ago
344,Full Stack Developer,Services SFT,"Saint-Laurent, Manitoba, Canada",,2 months ago
345,Solutions Engineer,Instabase,"Toronto, Ontario, Canada",Actively Hiring,1 week ago
346,Software Engineer - Python and K8s,Canonical,"Vancouver, British Columbia, Canada",Be an early applicant,1 week ago
347,Back End Developer,Verndale,Greater Montreal Metropolitan Area,,1 month ago
348,Full Stack Software Developer,Book Depot,"Thorold, Ontario, Canada",Actively Hiring,6 days ago
349,Senior Software Engineer – Back-End Development,Custom Health,"Kelowna, British Columbia, Canada",,1 month ago
350,Software Engineer - Python - Ubuntu Pro client - graduate level,Canonical,"Laval, Quebec, Canada",Be an early applicant,1 week ago
351,Software Engineer - Python and K8s,Canonical,"Mississauga, Ontario, Canada",Be an early applicant,1 week ago
352,Software Engineer - Python and K8s,Canonical,"Toronto, Ontario, Canada",Be an early applicant,1 week ago
353,Software Engineer (Python/Linux/Packaging),Canonical,"Winnipeg, Manitoba, Canada",Be an early applicant,5 days ago
354,Full Stack Developer (Backend Bias),Element Fleet Management,"Mississauga, Ontario, Canada",,1 day ago
355,Web Front-End Developer (React),Comm100,"Vancouver, British Columbia, Canada",,1 week ago
356,React Developer,Tata Consultancy Services,"Toronto, Ontario, Canada",Actively Hiring,2 weeks ago
357,"Software Developer, Back-End Data Platform- (D481)",SMART Technologies,"Calgary, Alberta, Canada",,1 week ago
358,Full-Stack Developer / Développeur full-stack,FlightHub,"Montreal, Quebec, Canada",,1 week ago
359,Full-Stack Engineer,Oil and Gas Job Search Ltd,"Toronto, Ontario, Canada",,2 weeks ago
360,Full stack developer,"Omega Solutions, Inc.","Toronto, Ontario, Canada",,1 week ago
361,Full Stack Developer,Verndale,Greater Montreal Metropolitan Area,,3 weeks ago
362,Back End Developer,Apex Systems,"Toronto, Ontario, Canada",Actively Hiring,1 week ago
363,"Senior Fullstack Engineer, Boston (TN eligible)",The Venus Consultancy Ltd,"Toronto, Ontario, Canada",Actively Hiring,1 month ago
364,Senior Python Developer,ClickJobs.io,"Toronto, Ontario, Canada",Be an early applicant,3 days ago
365,Fullstack Developer (Node.JS & React),MindPal,"Calgary, Alberta, Canada",,10 months ago
366,Full Stack Engineer,PokerLab,"Vancouver, British Columbia, Canada",,2 weeks ago
367,Backend Engineer (Remote),Fathom - AI Meeting Assistant,Canada,,2 months ago
368,"Python and Kubernetes Software Engineer - Data, AI/ML & Analytics",Canonical,"Winnipeg, Manitoba, Canada",Be an early applicant,1 week ago
369,Full Stack Engineer,Iris Software Inc.,"Toronto, Ontario, Canada",Actively Hiring,2 weeks ago
370,Full Stack Developer - Java & Typescript,Atimi Software,"Vancouver, British Columbia, Canada",,3 weeks ago
371,Software Engineer - Fullstack (remote),PolicyMe,Greater Montreal Metropolitan Area,,1 month ago
372,Software Engineer - Python and K8s,Canonical,"Hamilton, Ontario, Canada",Be an early applicant,1 week ago
373,Back End Developer,Hanalytica,Canada,Actively Hiring,2 weeks ago
374,Fullstack Engineer - Ads Signals,"Reddit, Inc.","Ontario, Canada",Actively Hiring,6 days ago
375,Web Developer Specialist,IKON Complete Inc.,"Woodbridge, Ontario, Canada",,3 weeks ago
376,Python Software Engineer - Ubuntu Hardware Certification Team,Canonical,"Mississauga, Ontario, Canada",Be an early applicant,1 week ago
377,Fullstack Developer (Node.JS & React),MindPal,"Ottawa, Ontario, Canada",,10 months ago
378,Backend Engineer - REMOTE,Randstad Canada,"Toronto, Ontario, Canada",Actively Hiring,1 month ago
379,Développeur.euse back-end,LG2,"Montreal, Quebec, Canada",,2 weeks ago
380,Full Stack Mobile Software Developer,Zortech Solutions,"Toronto, Ontario, Canada",Be an early applicant,2 months ago
381,Senior Software Engineer - Python,3Pillar Global,Canada,Actively Hiring,4 weeks ago
382,Software Engineer - Python/Golang - Kubernetes,Canonical,"Ottawa, Ontario, Canada",Be an early applicant,5 days ago
383,Senior PHP Developer,NewRich Network,"Toronto, Ontario, Canada",,2 weeks ago
384,Full Stack Java Developer,ClifyX,"Toronto, Ontario, Canada",Actively Hiring,4 months ago
385,Software Engineer - Python/Golang - Kubernetes,Canonical,"Regina, Saskatchewan, Canada",Be an early applicant,5 days ago
386,Full Stack Web Developer (Drupal),Therefore Interactive | Digital Agency,"Toronto, Ontario, Canada",,4 months ago
387,Full Stack Engineer,"LanceSoft, Inc.","Montreal, Quebec, Canada",Actively Hiring,2 days ago
388,Full Stack Software Developer [AI focused],Redbrick,"Victoria, British Columbia, Canada",,1 month ago
389,Full Stack Developer,Intercap Inc.,"Toronto, Ontario, Canada",Actively Hiring,1 month ago
390,Full Stack Developer,Konrad Group,"Toronto, Ontario, Canada",,1 month ago
391,Full Stack Developer,Suncoast Enclosures Canada,"Calgary, Alberta, Canada",,6 hours ago
392,"Full Stack Engineer, Internal Data Products, ML Foundations",Stripe,Canada,Actively Hiring,2 days ago
393,Software Engineer - Python and K8s,Canonical,"Winnipeg, Manitoba, Canada",Be an early applicant,1 week ago
394,Software Engineer - Python and K8s,Canonical,"Victoria, British Columbia, Canada",Be an early applicant,1 week ago
395,Full Stack developer -Designer ,Zortech Solutions,"North York, Ontario, Canada",Actively Hiring,2 months ago
396,Software Engineer - Python and K8s,Canonical,"Ottawa, Ontario, Canada",Be an early applicant,1 week ago
397,Senior Backend Engineer (Remote),Dorian,"Greater Toronto Area, Canada",,3 weeks ago
398,Python Software Engineer - Ubuntu Server Certification,Canonical,"Vancouver, British Columbia, Canada",Be an early applicant,1 week ago
399,Sr Fullstack software engineer (web) - HTS,Hopper,"Toronto, Ontario, Canada",,1 week ago
400,Full Stack Engineer,Imploy,"Richmond Hill, Ontario, Canada",Actively Hiring,2 weeks ago
401,Founding Backend Engineer,Alphawatch.AI,Canada,,1 month ago
402,Azure Developer ,ClifyX,"Toronto, Ontario, Canada",Actively Hiring,3 months ago
403,Python Software Engineer - Ubuntu Server Certification,Canonical,"Regina, Saskatchewan, Canada",Be an early applicant,1 week ago
404,Full Stack Engineer,Lever Middleware Test Company 2,"Montreal, Quebec, Canada",Be an early applicant,6 months ago
405,Fullstack Engineer - Ads Signals,"Reddit, Inc.","British Columbia, Canada",Actively Hiring,6 days ago
406,Senior Full Stack Developer,Luxoft,"Toronto, Ontario, Canada",Actively Hiring,1 week ago
407,Software Engineer - Python/Golang - Kubernetes,Canonical,"Montreal, Quebec, Canada",Be an early applicant,5 days ago
408,Full Stack Engineer,Staffing Lab LLC,Canada,Actively Hiring,3 weeks ago
409,Python Software Engineer - Ubuntu Hardware Certification Team,Canonical,"Vancouver, British Columbia, Canada",Be an early applicant,1 week ago
410,Senior Front End Engineer,DataVisor,Canada,,9 months ago
411,Software Engineer (Python/Linux/Packaging),Canonical,"Moncton, New Brunswick, Canada",Be an early applicant,5 days ago
412,Senior Software Developer,Robert Half,"Vancouver, British Columbia, Canada",Actively Hiring,1 week ago
413,Software Engineer - Python/Golang - Kubernetes,Canonical,"Trois-Rivières, Quebec, Canada",Be an early applicant,5 days ago
414,Full stack developer with Digital AI,Epsilon Solutions Ltd.,"Toronto, Ontario, Canada",Actively Hiring,1 week ago
415,Senior Software Engineer - Python Automation,Syntronic - A Global Design House,"Markham, Ontario, Canada",Be an early applicant,1 week ago
416,Java Full Stack Developer,Jobs Malaysia - Two95 HR HUB,Canada,,2 months ago
417,"Staff Backend Developer (Python, Microservices, GenAI - 92890)",Extreme Networks,"Toronto, Ontario, Canada",Actively Hiring,1 week ago
418,Backend Java Engineer,Zortech Solutions,"Toronto, Ontario, Canada",Actively Hiring,2 months ago
419,"Senior Software Engineer, Backend (Canada)",Proof,"Toronto, Ontario, Canada",,1 week ago
420,Senior Full Stack Developer - (Node.js/React),Techedin,"Toronto, Ontario, Canada",,1 month ago
421,Full Stack Engineer,Electronic Arts (EA),"Vancouver, British Columbia, Canada",Actively Hiring,2 days ago
422,Backend Software Engineer,Verdi,"Vancouver, British Columbia, Canada",Actively Hiring,1 month ago
423,Full Stack Software Developer,Global Pharma Tek,"Toronto, Ontario, Canada",Actively Hiring,4 months ago
424,Senior Fullstack Developer - Austria with Full Visa Sponsorship,space.talents,"Vancouver, British Columbia, Canada",,1 week ago
425,"Back End Developer, IgniteTech (Remote) - $100,000/year USD",Crossover,"Toronto, Ontario, Canada",Be an early applicant,20 hours ago
426,Big Data Developer,Epsilon Solutions Ltd.,"Mississauga, Ontario, Canada",Be an early applicant,4 months ago
427,Software Engineer - Python/Golang - Kubernetes,Canonical,"Laval, Quebec, Canada",Be an early applicant,5 days ago
428,"Senior Software Engineer (Python, RoR, Scala, JS)",Emplifi,"Toronto, Ontario, Canada",Actively Hiring,1 week ago
429,С++ Developer (with Python or Java skills),Luxoft,"Toronto, Ontario, Canada",Actively Hiring,2 weeks ago
430,Software Development Engineer in Test (SDET),J&M Group,"Brampton, Ontario, Canada",,2 months ago
431,Python Software Engineer - Ubuntu Hardware Certification Team,Canonical,"Montreal, Quebec, Canada",Be an early applicant,1 week ago
432,"Backend Engineer, Connections",Stripe,"Toronto, Ontario, Canada",Actively Hiring,6 days ago
433,Software Engineer - Python/Golang - Kubernetes,Canonical,"Gatineau, Quebec, Canada",Be an early applicant,5 days ago
434,Full Stack Data Engineer,Affinity,"East York, Ontario, Canada",Actively Hiring,2 months ago
435,Windows/Web application developer,ClifyX,"Toronto, Ontario, Canada",Actively Hiring,1 month ago
436,Software Engineer - Python/Golang - Kubernetes,Canonical,"Sherbrooke, Quebec, Canada",Be an early applicant,5 days ago
437,Python Software Engineer - Ubuntu Hardware Certification Team,Canonical,"Trois-Rivières, Quebec, Canada",Be an early applicant,1 week ago
438,Senior Backend Engineer,#paid,"Toronto, Ontario, Canada",Be an early applicant,1 week ago
439,Backend Developer,Nityo Infotech,"Toronto, Ontario, Canada",Actively Hiring,5 days ago
440,Software Engineer - Python and K8s,Canonical,"Trois-Rivières, Quebec, Canada",Be an early applicant,1 week ago
441,Python Software Engineer - Ubuntu Server Certification,Canonical,"Trois-Rivières, Quebec, Canada",Be an early applicant,1 week ago
442,Senior Front End Developer | Office-based (North Vancouver) | 130k - $165k,White Bay,"North Vancouver, British Columbia, Canada",Actively Hiring,6 days ago
443,Staff Backend Engineer,Plexus Resource Solutions,"Toronto, Ontario, Canada",Actively Hiring,1 week ago
444,"Full Stack Engineer, Accounts & Connect Activation",Stripe,"Toronto, Ontario, Canada",Actively Hiring,4 days ago
445,Senior Full Stack Developer,Gravity IT Resources,"Greater Toronto Area, Canada",Actively Hiring,1 week ago
446,Sr Front End Developer,Zortech Solutions,"Toronto, Ontario, Canada",Actively Hiring,2 months ago
447,Senior Frontend Software Engineer - SEO,Mindtris,Canada,Actively Hiring,5 months ago
448,Senior Python Developer,Lumenalta (formerly Clevertech),Canada,Be an early applicant,2 days ago
449,Intermediate Software Engineer,Ada,Canada,,2 months ago
450,Python Software Engineer - Ubuntu Hardware Certification Team,Canonical,"Sherbrooke, Quebec, Canada",Be an early applicant,1 week ago
451,Python Software Engineer - Ubuntu Hardware Certification Team,Canonical,"Moncton, New Brunswick, Canada",Be an early applicant,1 week ago
452,Senior Frontend Developer,Boyd Interactive,"North York, Ontario, Canada",Actively Hiring,3 weeks ago
453,Full Stack Java Developer,Genpact,"Montreal, Quebec, Canada",Actively Hiring,3 weeks ago
454,Développeur(euse) logiciel / Software Developer - C#/Web & Mobile (AutoVu),Genetec,"Montreal, Quebec, Canada",Be an early applicant,1 month ago
455,Full Stack Engineer,Hanalytica,Canada,Actively Hiring,1 week ago
456,Full stack Engineer,Breadcrumb.ai,"Toronto, Ontario, Canada",,1 month ago
457,Full Stack Web Developer,Fortinet,"Burnaby, British Columbia, Canada",Be an early applicant,1 month ago
458,Full Stack Software Engineer,Warner Music Group,"Toronto, Ontario, Canada",Actively Hiring,12 hours ago
459,Full Stack Engineer,dbrand,"Toronto, Ontario, Canada",,5 days ago
460,Développeur full-stack (Remote),Clic Santé,"Saguenay, Quebec, Canada",,1 week ago
461,Senior Frontend Developer,Open Systems Technologies,"Montreal, Quebec, Canada",Actively Hiring,2 weeks ago
462,Senior DevOps Engineer with Programming (Java or Python)-Canada,Zortech Solutions,"Vancouver, British Columbia, Canada",Be an early applicant,2 months ago
463,Full Stack Engineer,Apex Systems,"Toronto, Ontario, Canada",Actively Hiring,1 week ago
464,Senior Full Stack Developer / DevOps Engineer,SOTI,"Mississauga, Ontario, Canada",Actively Hiring,5 days ago
465,Sr. Full Stack Developer,Sage Recruiting,"North York, Ontario, Canada",Actively Hiring,6 days ago
466,Intermediate Full Stack Developer,ATB Financial,"Calgary, Alberta, Canada",,1 week ago
467,Full Stack Engineer,Electronic Arts (EA),"Edmonton, Alberta, Canada",Actively Hiring,2 days ago
468,Sr. Web Developer,Hays,"Calgary, Alberta, Canada",Actively Hiring,3 weeks ago
469,Senior Full Stack Developer,National Bank of Canada,"Montreal, Quebec, Canada",,4 hours ago
470,"Python and Kubernetes Software Engineer - Data, AI/ML & Analytics",Canonical,"Regina, Saskatchewan, Canada",Be an early applicant,1 week ago
471,Full Stack Engineer,Smarter Contact,Canada,,6 days ago
472,Software Engineer - Python and K8s,Canonical,"Gatineau, Quebec, Canada",Be an early applicant,1 week ago
473,ResponsiveAds Senior SW Developer (Front End Components),ResponsiveAds,"Vancouver, British Columbia, Canada",,2 months ago
474,Software Engineer - Python and K8s,Canonical,"Sherbrooke, Quebec, Canada",Be an early applicant,1 week ago
475,Senior Software Engineer – Full Stack,Zynga,"Toronto, Ontario, Canada",Actively Hiring,1 week ago
476,Senior Full Stack Developer,Intuit,"Toronto, Ontario, Canada",Actively Hiring,1 week ago
477,Senior Backend Engineer (Hybrid),Lightci (Light Consulting),"Toronto, Ontario, Canada",Be an early applicant,3 months ago
478,Senior Full Stack Engineer,CSC Generation,"Greater Toronto Area, Canada",,1 month ago
479,Senior Back End Developer,Recruiting in Motion,"Toronto, Ontario, Canada",,9 months ago
480,Senior Backend Engineer (Hybrid),Lightci (Light Consulting),"North York, Ontario, Canada",Be an early applicant,3 months ago
481,Full Stack Engineer with docsite,NewPage Solutions,Canada,Actively Hiring,1 week ago
482,Senior Frontend Engineer,Prelude,Canada,,4 weeks ago
483,"Python and Kubernetes Software Engineer - Data, AI/ML & Analytics",Canonical,"Trois-Rivières, Quebec, Canada",Be an early applicant,1 week ago
484,Staff Backend Engineer - Remote,Kava Labs Inc,Greater Montreal Metropolitan Area,,1 month ago
485,"Developer, Full Stack",Workleap,Canada,,2 weeks ago
486,Full Stack Developer AWS/Azure,Zortech Solutions,Canada,Actively Hiring,1 week ago
487,"Python and Kubernetes Software Engineer - Data, AI/ML & Analytics",Canonical,"Laval, Quebec, Canada",Be an early applicant,1 week ago
488,"Backend Engineer, Database",GitLab,Canada,Actively Hiring,1 day ago
489,Full-Stack Engineer,Toku,Canada,,3 weeks ago
490,FE Dev x2/ Fullstack Engineer,Epsilon Solutions Ltd.,"Ontario, Canada",Be an early applicant,4 months ago
491,Sr. Full Stack Developer,Zortech Solutions,"Toronto, Ontario, Canada",Be an early applicant,2 months ago
492,"Senior Software Engineer, Full Stack",Secoda,"Toronto, Ontario, Canada",Actively Hiring,3 months ago
493,Senior Full Stack Engineer,FutureFit AI,"Toronto, Ontario, Canada",,3 weeks ago
494,Senior Frontend Developer,Ascendion,Canada,Actively Hiring,6 days ago
495,Java Full Stack Developer,Iris Software Inc.,"Toronto, Ontario, Canada",Actively Hiring,1 day ago
496,Full Stack Developer – Officevibe,Workleap,Canada,,4 days ago
497,Full Stack Developer,Samaritan's Purse Canada,"Calgary, Alberta, Canada",,3 weeks ago
498,Full Stack Developer,Procom,"Markham, Ontario, Canada",Actively Hiring,4 weeks ago
499,"Full Stack Engineer, Revenue Recognition",Stripe,Canada,Actively Hiring,3 weeks ago
500,"Python and Kubernetes Software Engineer - Data, AI/ML & Analytics",Canonical,"Sherbrooke, Quebec, Canada",Be an early applicant,1 week ago
501,"Python and Kubernetes Software Engineer - Data, AI/ML & Analytics",Canonical,"Moncton, New Brunswick, Canada",Be an early applicant,1 week ago
502,Senior Python Developer,Lumenalta (formerly Clevertech),"Halifax, Nova Scotia, Canada",Be an early applicant,2 days ago
503,Back End Developer (API),Ubisoft,"Montreal, Quebec, Canada",Be an early applicant,23 hours ago
504,Fullstack JAVA Engineer,Iris Software Inc.,"Greater Toronto Area, Canada",Actively Hiring,2 days ago
505,Data engineer - Bigdata/spark/Scala,ClifyX,"Toronto, Ontario, Canada",Actively Hiring,3 months ago
506,Backend Programmer,Epic Games,Greater Montreal Metropolitan Area,Actively Hiring,1 week ago
507,"Full-Stack Developer (Java, Angular/React, DB)",Zortech Solutions,"Montreal, Quebec, Canada",Actively Hiring,2 months ago
508,"Senior Full-Stack Software Engineer, Analytics Products",Lever Middleware Test Company 2,"Ottawa, Ontario, Canada",Be an early applicant,6 months ago
509,"Python and Kubernetes Software Engineer - Data, AI/ML & Analytics",Canonical,"Gatineau, Quebec, Canada",Be an early applicant,1 week ago
510,Senior Full Stack Software Engineer,Snowball Interactive,"Vancouver, British Columbia, Canada",,3 months ago
511,Back-end PHP Developer / Développeur back-end PHP,FlightHub,"Montreal, Quebec, Canada",,1 week ago
512,"Developer, Web Addins, Web + Windows + Azure Developer",Epsilon Solutions Ltd.,"Toronto, Ontario, Canada",Be an early applicant,4 weeks ago
513,Full Stack Developer,CGS Federal (Contact Government Services),"Yellowstone, Alberta, Canada",Be an early applicant,2 months ago
514,Web Developer,Canadian Partnership Against Cancer,"Toronto, Ontario, Canada",,1 week ago
515,Senior Backend Engineer (Hybrid),Lightci (Light Consulting),"Aurora, Ontario, Canada",Be an early applicant,3 months ago
516,Fullstack Developer,J&M Group,"Toronto, Ontario, Canada",,1 month ago
517,Sr. Back End developer,Nuvoola AI,"Québec, Quebec, Canada",Be an early applicant,6 months ago
518,Full Stack Developer,Evans,"Calgary, Alberta, Canada",Actively Hiring,4 weeks ago
519,Senior Backend Engineer (9 months Fixed Term Contract),Trackunit,"London, Ontario, Canada",Be an early applicant,6 days ago
520,Java Fullstack Engineer,Zortech Solutions,"Mississauga, Ontario, Canada",Actively Hiring,2 months ago
521,.NET Fullstack Developer,Flexstaf I.T. Inc.,"Toronto, Ontario, Canada",,2 weeks ago
522,Senior Frontend Developer,Signify Technology,Canada,Actively Hiring,2 weeks ago
523,Full Stack Developer,Groupe Nordik,"Gatineau, Quebec, Canada",,1 day ago
524,Staff Backend Engineer,Zapper™,"Montreal, Quebec, Canada",Be an early applicant,3 weeks ago
525,Développeur Fullstack,LEDUConseils,"Montreal, Quebec, Canada",Be an early applicant,5 days ago
526,"EverCommerce - Full-Stack Developer, Remote (Canada)",EverCommerce,"Ontario, Canada",,13 hours ago
527,Senior Front end Software Developer,NR Consulting,"Toronto, Ontario, Canada",Be an early applicant,6 hours ago
528,Full Stack Software Developer Intern,Ericsson,"Québec, Quebec, Canada",Actively Hiring,1 week ago
529,Full Stack Engineer,MailChannels,Canada,,1 month ago
530,Full Stack Developer (Remote),NTT DATA North America,"Nova Scotia, Canada",Actively Hiring,2 weeks ago
531,Java Fullstack Developer,Zortech Solutions,"Toronto, Ontario, Canada",Actively Hiring,2 months ago
532,Full-Stack Developer with Angular and NodeJS- Canada,Zortech Solutions,"Toronto, Ontario, Canada",Actively Hiring,2 months ago
533,Senior Software Engineer - Python/MongoDB,Canonical,"Toronto, Ontario, Canada",Be an early applicant,1 week ago
534,"Full Stack Engineer, Secure Connect - REMOTE",Cisco Meraki,Canada,Actively Hiring,3 days ago
535,Sr. Full Stack Developer,Syntronic - A Global Design House,"Markham, Ontario, Canada",Be an early applicant,1 week ago
536,Senior UI Developer,Zortech Solutions,"Toronto, Ontario, Canada",Actively Hiring,2 months ago
537,Full Stack Developer - Contract,Compugen Inc,"Toronto, Ontario, Canada",Actively Hiring,6 days ago
538,Senior Software Engineer (Frontend),Cookin Inc.,"Toronto, Ontario, Canada",,2 weeks ago
539,Associate Director- Lead Python Data Engineer,RBC,"Toronto, Ontario, Canada",Actively Hiring,1 week ago
540,Engineering Productivity Engineer-DevOps - Canada,Zortech Solutions,"Alberta, Canada",Be an early applicant,1 week ago
541,"Fullstack Web Developer – Senior (Music, Karaoke)",Stingray,"Montreal, Quebec, Canada",,3 weeks ago
542,Java Full Stack Developer,Iris Software Inc.,"Toronto, Ontario, Canada",Actively Hiring,9 hours ago
543,Training & Placement in Java Developer,"Triunity Software, Inc.","Toronto, Ontario, Canada",Actively Hiring,1 month ago
544,Full Stack Developer,Axelon Services Corporation,"Calgary, Alberta, Canada",Actively Hiring,3 months ago
545,"Senior Software Engineer, Developer Productivity",MongoDB,Canada,Actively Hiring,1 week ago
546,Full Stack Developer,CGI,"Victoria, British Columbia, Canada",Actively Hiring,1 week ago
547,"Full Stack Software Engineer, Retention",Jerry,"Toronto, Ontario, Canada",,3 months ago
548,Senior full-stack developer (Rogo),AlleyCorp,"Montreal, Quebec, Canada",,1 year ago
549,Sr Front end developer,Veracity Software Inc,"Toronto, Ontario, Canada",Actively Hiring,3 weeks ago
550,"Backend Engineer, Organizations and Auth Platform",Stripe,"Toronto, Ontario, Canada",Actively Hiring,2 weeks ago
551,Full-Stack Adobe Experience Manager Developer (Hybrid - Toronto),Techedin,"Toronto, Ontario, Canada",,3 weeks ago
552,"Senior Web Developer (Canada, New Zealand)",Matomo,"Ottawa, Ontario, Canada",,1 week ago
553,Senior Software Engineer - Python/MongoDB,Canonical,"Hamilton, Ontario, Canada",Be an early applicant,1 week ago
554,Senior Front-End Developer,Interac Corp.,"Toronto, Ontario, Canada",,1 week ago
555,Full-Stack Developer,Groupe Touchette inc.,"Montreal, Quebec, Canada",Actively Hiring,2 months ago
556,Senior Software Engineer - Python/MongoDB,Canonical,"Vancouver, British Columbia, Canada",Be an early applicant,1 week ago
557,"Full Stack Developer, gt.school (Remote) - $100,000/year USD",Crossover,"Toronto, Ontario, Canada",,1 day ago
558,"Senior Fullstack Developer, Core Payments",Fullscript,"Ottawa, Ontario, Canada",,3 weeks ago
559,"Développeur senior, Python / Senior Python Software Developer",Cerence Inc.,"Montreal, Quebec, Canada",Actively Hiring,4 days ago
560,Senior Backend Engineer,Veem,"Ottawa, Ontario, Canada",,9 months ago
561,Backend Software Engineer,Groupe Dynamite,"Montreal, Quebec, Canada",Actively Hiring,3 weeks ago
562,Senior Full Stack Developer,AKITU Inc,"Ontario, Canada",,1 week ago
563,Senior Full Stack Developer,SuiteSpot,"Toronto, Ontario, Canada",Be an early applicant,1 week ago
564,"Backend Software Engineer, Trust and Safety - Algorithm Engineering, TikTok (Canada)",TikTok,"Vancouver, British Columbia, Canada",Actively Hiring,1 week ago
565,Training & Placement on AI-ML,"Triunity Software, Inc.","Toronto, Ontario, Canada",Be an early applicant,3 weeks ago
566,"Développeur senior, Python / Senior Python Software Developer",Cerence Inc.,"Montreal, Quebec, Canada",Actively Hiring,2 weeks ago
567,"Full Stack Engineer, gt.school (Remote) - $100,000/year USD",Crossover,"Scarborough, Ontario, Canada",Be an early applicant,20 hours ago
568,Senior Backend Software Engineer,Abnormal Security,Canada,,4 days ago
569,"Full Stack Developer (REACT, Java)",407 ETR,"Woodbridge, Ontario, Canada",,1 week ago
570,Full Stack Engineer,Relay,"Toronto, Ontario, Canada",Actively Hiring,2 weeks ago
571,Senior Front-End Engineer,Amgine,"Ontario, Canada",,7 hours ago
572,Betstamp Full Stack Developer,betstamp,"Toronto, Ontario, Canada",,1 week ago
573,Senior Full Stack Developer,RBC,"Toronto, Ontario, Canada",Actively Hiring,1 day ago
574,Backend Engineer (Hybrid),Homebase,"Toronto, Ontario, Canada",,5 days ago
575,Senior Software Engineer - Full Stack (Remote),AuditBoard,Canada,Actively Hiring,1 hour ago
576,Senior Frontend Developer,Yocale,"North Vancouver, British Columbia, Canada",,1 month ago
577,"P2 - Full Stack Developer - PHP, DB2",Randstad Canada,"Markham, Ontario, Canada",Be an early applicant,6 days ago
578,"Full Stack Engineer, gt.school (Remote) - $100,000/year USD",Crossover,"Vancouver, British Columbia, Canada",,1 day ago
579,Senior Software Engineer(Full Stack),myGwork - LGBTQ+ Business Community,"Toronto, Ontario, Canada",Be an early applicant,2 days ago
580,Full Stack Java Developer/ FullStack Springboot Developer,Epsilon Solutions Ltd.,"Alberta, Canada",Actively Hiring,3 months ago
581,Senior Frontend Developer,CSC Generation,"Toronto, Ontario, Canada",,1 day ago
582,Staff Backend Platform Engineer,OpenPhone,Canada,Actively Hiring,15 hours ago
583,Java Full stack Developer,Epsilon Solutions Ltd.,"Toronto, Ontario, Canada",Actively Hiring,2 months ago
584,Backend Software Engineer,Groupe Dynamite,"Montreal, Quebec, Canada",Actively Hiring,5 days ago
585,Développeur Full Stack,HDEnergy,"Mirabel, Quebec, Canada",Actively Hiring,3 weeks ago
586,"Full Stack Developer (Golang, PHP, Ruby)",Epsilon Solutions Ltd.,"Toronto, Ontario, Canada",Actively Hiring,1 week ago
587,Full Stack Engineer III - 12 month,Electronic Arts (EA),"Vancouver, British Columbia, Canada",Actively Hiring,2 days ago
588,Senior Java Full Stack Developer,Iris Software Inc.,"Toronto, Ontario, Canada",Actively Hiring,6 days ago
589,Geospatial Full Stack Engineer (React),National Research Council Canada / Conseil national de recherches Canada,"Ottawa, Ontario, Canada",,6 days ago
590,Senior Backend Software Engineer,Electronic Arts (EA),"Toronto, Ontario, Canada",Actively Hiring,2 days ago
591,"Full Stack Engineer, gt.school (Remote) - $100,000/year USD",Crossover,"Montreal, Quebec, Canada",,1 day ago
592,Senior Full Stack Software Engineer (JS/TS) - Enterprise SaaS,TrustFlight,"Vancouver, British Columbia, Canada",Be an early applicant,5 hours ago
593,"Senior Software Engineer, Frontend (AI Agent)",Cresta,"Toronto, Ontario, Canada",,1 week ago
594,Senior Frontend Developer,Saku Monsters,"Montreal, Quebec, Canada",,2 months ago
595,Sr Full Stack Developer,Jobot,"Toronto, Ontario, Canada",Actively Hiring,12 hours ago
596,Sr. Full Stack Developer,J&M Group,"Toronto, Ontario, Canada",Be an early applicant,3 months ago
597,Inter Full-Stack Java Developer (Microsoft SQL Server experience),Executive Scouts,"Toronto, Ontario, Canada",,2 years ago
598,Senior Full Stack Developer,Epsilon Solutions Ltd.,"Toronto, Ontario, Canada",Actively Hiring,2 months ago
599,Senior Java Full Stack Developer,NEARSOURCE TECHNOLOGIES,"Toronto, Ontario, Canada",,2 weeks ago
600,Data engineer - Bigdata/spark/Scala,J&M Group,"Toronto, Ontario, Canada",,3 months ago
601,Senior Fullstack Web Developer,ADNM International,"Laval, Quebec, Canada",,1 day ago
602,"Full Stack Engineer, gt.school (Remote) - $100,000/year USD",Crossover,"Calgary, Alberta, Canada",,1 day ago
603,Sr Back End Software Engineer,Abnormal Security,Canada,,1 week ago
604,"Full Stack Engineer, Totogi (Remote) - $60,000/year USD",Crossover,"Montreal, Quebec, Canada",Be an early applicant,1 day ago
605,Lead Java Full stack Developer,Zortech Solutions,"Mississauga, Ontario, Canada",Be an early applicant,2 months ago
606,Copy of Senior Back End Software Engineer - Booking Engine,Cloudbeds,Canada,Be an early applicant,6 days ago
607,"Educator, Web Developer",BrainStation,"Vancouver, British Columbia, Canada",Be an early applicant,4 weeks ago
608,Senior Backend Engineer,Distill,Canada,,1 month ago
609,Sr. Front End developer,Nuvoola AI,"Québec, Quebec, Canada",,1 year ago
610,Junior Full Stack .NET Developer,Apex Systems,"Toronto, Ontario, Canada",Actively Hiring,1 week ago
611,"Senior Software Engineer - Data Backend (Remote, Canada)",Yelp,Canada,Actively Hiring,1 week ago
612,"Fullstack Developer - Angular, React, .NET Core",Conspicuous,Canada,Actively Hiring,2 weeks ago
613,"Backend Software Engineer, Trust and Safety Engineering - Platform, TikTok (Canada)",TikTok,"Vancouver, British Columbia, Canada",Actively Hiring,1 week ago
614,Senior Backend Engineer - Product (Toronto),US Mobile,"Toronto, Ontario, Canada",Actively Hiring,12 months ago
615,"Senior Full Stack - Application Developer (.Net, Angular, Azure)",GorillaWorks,"Toronto, Ontario, Canada",,1 week ago
616,"Senior Software Engineer, Backend - Platform",Coinbase,"Toronto, Ontario, Canada",Actively Hiring,1 week ago
617,Senior Fullstack Developer,Scotiabank,"Toronto, Ontario, Canada",Actively Hiring,1 week ago
618,Senior Full-Stack Software Developer,Robert Half,"Edmonton, Alberta, Canada",Be an early applicant,1 week ago
619,Développeur full-stack eCommerce,Club Piscine Super Fitness,"Bois-des-Filion, Quebec, Canada",Be an early applicant,59 minutes ago
